<xml>
	<data>
		<vehicle>
			<registration>A</registration>
		</vehicle>
		<vehicle>
			<registration>B</registration>
		</vehicle>
		<vehicle>
			<registration>C</registration>
		</vehicle>
		<vehicle>
			<registration>D</registration>
			<row>
				<datetime>20121112 23:45:14</datetime>
				<activity>Timed Update</activity>
				<location>
					<address>609 Dumbarton Road, Glasgow, G11 6</address>
					<latitude>55.870677778</latitude>
					<longitude>-4.318586111</longitude>
				</location>
				<status>Gritting</status>
				<gritted>3370</gritted>
				<free-travel>0</free-travel>
				<salt>0.2022</salt>
			</row>
			<row>
				<datetime>20121112 23:45:23</datetime>
				<activity>Heading Update</activity>
				<location>
					<address>Dumbarton Road &amp; Thornwood Avenue, Glasgow, G11 6</address>
					<latitude>55.870708333</latitude>
					<longitude>-4.318663889</longitude>
				</location>
				<status>Gritting</status>
				<gritted>3370</gritted>
				<free-travel>0</free-travel>
				<salt>0.2022</salt>
			</row>
			<row>
				<datetime>20121112 23:45:30</datetime>
				<activity>Heading Update</activity>
				<location>
					<address>3 Thornwood Avenue, Glasgow, G11 7</address>
					<latitude>55.870783333</latitude>
					<longitude>-4.318669444</longitude>
				</location>
				<status>Gritting</status>
				<gritted>3381</gritted>
				<free-travel>0</free-travel>
				<salt>0.2029</salt>
			</row>
			<row>
				<datetime>20121112 23:45:44</datetime>
				<activity>Timed Update</activity>
				<location>
					<address>Thornwood Avenue, Glasgow, G11 7</address>
					<latitude>55.871302778</latitude>
					<longitude>-4.318486111</longitude>
				</location>
				<status>Gritting</status>
				<gritted>3417</gritted>
				<free-travel>0</free-travel>
				<salt>0.2050</salt>
			</row>
			<row>
				<datetime>20121112 23:46:14</datetime>
				<activity>Timed Update</activity>
				<location>
					<address>20 Thornwood Avenue, Glasgow, G11 7</address>
					<latitude>55.872350000</latitude>
					<longitude>-4.318258333</longitude>
				</location>
				<status>Gritting</status>
				<gritted>3560</gritted>
				<free-travel>0</free-travel>
				<salt>0.2136</salt>
			</row>
			<row>
				<datetime>20121112 23:46:44</datetime>
				<activity>Timed Update</activity>
				<location>
					<address>20 Thornwood Avenue, Glasgow, G11 7</address>
					<latitude>55.872350000</latitude>
					<longitude>-4.318258333</longitude>
				</location>
				<status>Gritting</status>
				<gritted>3560</gritted>
				<free-travel>0</free-travel>
				<salt>0.2136</salt>
			</row>
			<row>
				<datetime>20121112 23:47:14</datetime>
				<activity>Timed Update</activity>
				<location>
					<address>20 Thornwood Avenue, Glasgow, G11 7</address>
					<latitude>55.872350000</latitude>
					<longitude>-4.318258333</longitude>
				</location>
				<status>Gritting</status>
				<gritted>3560</gritted>
				<free-travel>0</free-travel>
				<salt>0.2136</salt>
			</row>
			<row>
				<datetime>20121112 23:47:44</datetime>
				<activity>Timed Update</activity>
				<location>
					<address>20 Thornwood Avenue, Glasgow, G11 7</address>
					<latitude>55.872350000</latitude>
					<longitude>-4.318258333</longitude>
				</location>
				<status>Gritting</status>
				<gritted>3560</gritted>
				<free-travel>0</free-travel>
				<salt>0.2136</salt>
			</row>
			<row>
				<datetime>20121112 23:48:14</datetime>
				<activity>Timed Update</activity>
				<location>
					<address>20 Thornwood Avenue, Glasgow, G11 7</address>
					<latitude>55.872350000</latitude>
					<longitude>-4.318258333</longitude>
				</location>
				<status>Gritting</status>
				<gritted>3560</gritted>
				<free-travel>0</free-travel>
				<salt>0.2136</salt>
			</row>
			<row>
				<datetime>20121112 23:48:45</datetime>
				<activity>Timed Update</activity>
				<location>
					<address>20 Thornwood Avenue, Glasgow, G11 7</address>
					<latitude>55.872350000</latitude>
					<longitude>-4.318258333</longitude>
				</location>
				<status>Gritting</status>
				<gritted>3560</gritted>
				<free-travel>0</free-travel>
				<salt>0.2136</salt>
			</row>
			<row>
				<datetime>20121112 23:49:15</datetime>
				<activity>Timed Update</activity>
				<location>
					<address>20 Thornwood Avenue, Glasgow, G11 7</address>
					<latitude>55.872350000</latitude>
					<longitude>-4.318258333</longitude>
				</location>
				<status>Gritting</status>
				<gritted>3560</gritted>
				<free-travel>0</free-travel>
				<salt>0.2136</salt>
			</row>
			<row>
				<datetime>20121112 23:49:45</datetime>
				<activity>Timed Update</activity>
				<location>
					<address>70 Laurel Street, Glasgow, G11 7</address>
					<latitude>55.873383333</latitude>
					<longitude>-4.318005556</longitude>
				</location>
				<status>Gritting</status>
				<gritted>3672</gritted>
				<free-travel>0</free-travel>
				<salt>0.2203</salt>
			</row>
			<row>
				<datetime>20121112 23:50:15</datetime>
				<activity>Timed Update</activity>
				<location>
					<address>56 Thornwood Avenue, Glasgow, G11 7</address>
					<latitude>55.874361111</latitude>
					<longitude>-4.317877778</longitude>
				</location>
				<status>Gritting</status>
				<gritted>3785</gritted>
				<free-travel>0</free-travel>
				<salt>0.2271</salt>
			</row>
			<row>
				<datetime>20121112 23:50:34</datetime>
				<activity>Heading Update</activity>
				<location>
					<address>21 Laurel Place, Glasgow, G11 7</address>
					<latitude>55.874252778</latitude>
					<longitude>-4.317869444</longitude>
				</location>
				<status>Gritting</status>
				<gritted>3785</gritted>
				<free-travel>0</free-travel>
				<salt>0.2271</salt>
			</row>
			<row>
				<datetime>20121112 23:50:45</datetime>
				<activity>Timed Update</activity>
				<location>
					<address>17 Laurel Place, Glasgow, G11 7</address>
					<latitude>55.874233333</latitude>
					<longitude>-4.317530556</longitude>
				</location>
				<status>Gritting</status>
				<gritted>3785</gritted>
				<free-travel>0</free-travel>
				<salt>0.2271</salt>
			</row>
			<row>
				<datetime>20121112 23:51:00</datetime>
				<activity>Heading Update</activity>
				<location>
					<address>22 Laurel Place, Glasgow, G11 7</address>
					<latitude>55.874138889</latitude>
					<longitude>-4.316680556</longitude>
				</location>
				<status>Gritting</status>
				<gritted>3858</gritted>
				<free-travel>0</free-travel>
				<salt>0.2315</salt>
			</row>
			<row>
				<datetime>20121112 23:51:15</datetime>
				<activity>Timed Update</activity>
				<location>
					<address>22 Laurel Place, Glasgow, G11 7</address>
					<latitude>55.873583333</latitude>
					<longitude>-4.316650000</longitude>
				</location>
				<status>Gritting</status>
				<gritted>3893</gritted>
				<free-travel>0</free-travel>
				<salt>0.2336</salt>
			</row>
			<row>
				<datetime>20121112 23:51:38</datetime>
				<activity>Heading Update</activity>
				<location>
					<address>55 Laurel Street, Glasgow, G11 7</address>
					<latitude>55.873197222</latitude>
					<longitude>-4.316666667</longitude>
				</location>
				<status>Gritting</status>
				<gritted>3968</gritted>
				<free-travel>0</free-travel>
				<salt>0.2381</salt>
			</row>
			<row>
				<datetime>20121112 23:51:45</datetime>
				<activity>Timed Update</activity>
				<location>
					<address>57 Laurel Street, Glasgow, G11 7</address>
					<latitude>55.873155556</latitude>
					<longitude>-4.316705556</longitude>
				</location>
				<status>Gritting</status>
				<gritted>3979</gritted>
				<free-travel>0</free-travel>
				<salt>0.2387</salt>
			</row>
			<row>
				<datetime>20121112 23:52:12</datetime>
				<activity>Heading Update</activity>
				<location>
					<address>55 Laurel Street, Glasgow, G11 7</address>
					<latitude>55.873216667</latitude>
					<longitude>-4.316675000</longitude>
				</location>
				<status>Gritting</status>
				<gritted>3979</gritted>
				<free-travel>0</free-travel>
				<salt>0.2387</salt>
			</row>
			<row>
				<datetime>20121112 23:52:15</datetime>
				<activity>Timed Update</activity>
				<location>
					<address>55 Laurel Street, Glasgow, G11 7</address>
					<latitude>55.873175000</latitude>
					<longitude>-4.316630556</longitude>
				</location>
				<status>Gritting</status>
				<gritted>3984</gritted>
				<free-travel>0</free-travel>
				<salt>0.2390</salt>
			</row>
			<row>
				<datetime>20121112 23:52:45</datetime>
				<activity>Timed Update</activity>
				<location>
					<address>47 Laurel Street, Glasgow, G11 7</address>
					<latitude>55.873163889</latitude>
					<longitude>-4.316233333</longitude>
				</location>
				<status>Gritting</status>
				<gritted>3984</gritted>
				<free-travel>0</free-travel>
				<salt>0.2390</salt>
			</row>
			<row>
				<datetime>20121112 23:53:16</datetime>
				<activity>Timed Update</activity>
				<location>
					<address>5 Laurel Street, Glasgow, G11 7</address>
					<latitude>55.873291667</latitude>
					<longitude>-4.314719444</longitude>
				</location>
				<status>Gritting</status>
				<gritted>4090</gritted>
				<free-travel>0</free-travel>
				<salt>0.2454</salt>
			</row>
			<row>
				<datetime>20121112 23:53:46</datetime>
				<activity>Timed Update</activity>
				<location>
					<address>80 Crow Road, Glasgow, G11 7</address>
					<latitude>55.872786111</latitude>
					<longitude>-4.313441667</longitude>
				</location>
				<status>Gritting</status>
				<gritted>4200</gritted>
				<free-travel>0</free-travel>
				<salt>0.2520</salt>
			</row>
			<row>
				<datetime>20121112 23:54:16</datetime>
				<activity>Timed Update</activity>
				<location>
					<address>12 Crow Road, Glasgow, G11 7</address>
					<latitude>55.871166667</latitude>
					<longitude>-4.312711111</longitude>
				</location>
				<status>Gritting</status>
				<gritted>4386</gritted>
				<free-travel>0</free-travel>
				<salt>0.2632</salt>
			</row>
			<row>
				<datetime>20121112 23:54:46</datetime>
				<activity>Timed Update</activity>
				<location>
					<address>437 Dumbarton Road, Glasgow, G11 6</address>
					<latitude>55.870805556</latitude>
					<longitude>-4.312375000</longitude>
				</location>
				<status>Gritting</status>
				<gritted>4451</gritted>
				<free-travel>0</free-travel>
				<salt>0.2671</salt>
			</row>
			<row>
				<datetime>20121112 23:54:48</datetime>
				<activity>Heading Update</activity>
				<location>
					<address>431 Dumbarton Road, Glasgow, G11 6</address>
					<latitude>55.870763889</latitude>
					<longitude>-4.312336111</longitude>
				</location>
				<status>Gritting</status>
				<gritted>4451</gritted>
				<free-travel>0</free-travel>
				<salt>0.2671</salt>
			</row>
			<row>
				<datetime>20121112 23:55:16</datetime>
				<activity>Timed Update</activity>
				<location>
					<address>393 Dumbarton Road, Glasgow, G11 6</address>
					<latitude>55.870805556</latitude>
					<longitude>-4.308655556</longitude>
				</location>
				<status>Gritting</status>
				<gritted>4656</gritted>
				<free-travel>0</free-travel>
				<salt>0.2794</salt>
			</row>
			<row>
				<datetime>20121112 23:55:46</datetime>
				<activity>Timed Update</activity>
				<location>
					<address>267 Dumbarton Road, Glasgow, G11 6</address>
					<latitude>55.870861111</latitude>
					<longitude>-4.304119444</longitude>
				</location>
				<status>Gritting</status>
				<gritted>4960</gritted>
				<free-travel>0</free-travel>
				<salt>0.2976</salt>
			</row>
			<row>
				<datetime>20121112 23:56:16</datetime>
				<activity>Timed Update</activity>
				<location>
					<address>156 Dumbarton Road, Glasgow, G11 6</address>
					<latitude>55.870672222</latitude>
					<longitude>-4.300080556</longitude>
				</location>
				<status>Gritting</status>
				<gritted>5215</gritted>
				<free-travel>0</free-travel>
				<salt>0.3129</salt>
			</row>
			<row>
				<datetime>20121112 23:56:46</datetime>
				<activity>Timed Update</activity>
				<location>
					<address>7 Partick Bridge Street, Glasgow, G11 6</address>
					<latitude>55.870533333</latitude>
					<longitude>-4.299594444</longitude>
				</location>
				<status>Gritting</status>
				<gritted>5256</gritted>
				<free-travel>0</free-travel>
				<salt>0.3154</salt>
			</row>
			<row>
				<datetime>20121112 23:57:16</datetime>
				<activity>Timed Update</activity>
				<location>
					<address>26 Dumbarton Road, Glasgow, G11 6</address>
					<latitude>55.870072222</latitude>
					<longitude>-4.295741667</longitude>
				</location>
				<status>Gritting</status>
				<gritted>5482</gritted>
				<free-travel>0</free-travel>
				<salt>0.3289</salt>
			</row>
			<row>
				<datetime>20121112 23:57:46</datetime>
				<activity>Timed Update</activity>
				<location>
					<address>Argyle Street, Glasgow, G3 8</address>
					<latitude>55.868683333</latitude>
					<longitude>-4.292302778</longitude>
				</location>
				<status>Gritting</status>
				<gritted>5760</gritted>
				<free-travel>0</free-travel>
				<salt>0.3456</salt>
			</row>
			<row>
				<datetime>20121112 23:58:16</datetime>
				<activity>Timed Update</activity>
				<location>
					<address>1063 Sauchiehall Street, Glasgow, G3 7</address>
					<latitude>55.867125000</latitude>
					<longitude>-4.289469444</longitude>
				</location>
				<status>Gritting</status>
				<gritted>6038</gritted>
				<free-travel>0</free-travel>
				<salt>0.3623</salt>
			</row>
			<row>
				<datetime>20121112 23:58:41</datetime>
				<activity>Heading Update</activity>
				<location>
					<address>1035 Sauchiehall Street, Glasgow, G3 7</address>
					<latitude>55.866938889</latitude>
					<longitude>-4.288750000</longitude>
				</location>
				<status>Gritting</status>
				<gritted>6085</gritted>
				<free-travel>0</free-travel>
				<salt>0.3651</salt>
			</row>
			<row>
				<datetime>20121112 23:58:44</datetime>
				<activity>Heading Update</activity>
				<location>
					<address>Sauchiehall Street, Glasgow, G3 7</address>
					<latitude>55.866972222</latitude>
					<longitude>-4.288658333</longitude>
				</location>
				<status>Gritting</status>
				<gritted>6085</gritted>
				<free-travel>0</free-travel>
				<salt>0.3651</salt>
			</row>
			<row>
				<datetime>20121112 23:58:47</datetime>
				<activity>Timed Update</activity>
				<location>
					<address>Sauchiehall Street, Glasgow, G3 7</address>
					<latitude>55.867047222</latitude>
					<longitude>-4.288583333</longitude>
				</location>
				<status>Gritting</status>
				<gritted>6085</gritted>
				<free-travel>0</free-travel>
				<salt>0.3651</salt>
			</row>
			<row>
				<datetime>20121112 23:59:06</datetime>
				<activity>Heading Update</activity>
				<location>
					<address>Kelvin Way &amp; street, Glasgow, G3 7</address>
					<latitude>55.867869444</latitude>
					<longitude>-4.287838889</longitude>
				</location>
				<status>Gritting</status>
				<gritted>6197</gritted>
				<free-travel>0</free-travel>
				<salt>0.3718</salt>
			</row>
			<row>
				<datetime>20121112 23:59:17</datetime>
				<activity>Timed Update</activity>
				<location>
					<address>street, Glasgow, G3 8</address>
					<latitude>55.868075000</latitude>
					<longitude>-4.288466667</longitude>
				</location>
				<status>Gritting</status>
				<gritted>6232</gritted>
				<free-travel>0</free-travel>
				<salt>0.3739</salt>
			</row>
			<row>
				<datetime>20121112 23:59:47</datetime>
				<activity>Timed Update</activity>
				<location>
					<address>street, Glasgow, G3 8</address>
					<latitude>55.868116667</latitude>
					<longitude>-4.288538889</longitude>
				</location>
				<status>Gritting</status>
				<gritted>6257</gritted>
				<free-travel>0</free-travel>
				<salt>0.3754</salt>
			</row>
		</vehicle>
		<vehicle>
			<registration>E</registration>
		</vehicle>
		<vehicle>
			<registration>F</registration>
		</vehicle>
		<vehicle>
			<registration>G</registration>
		</vehicle>
		<vehicle>
			<registration>H</registration>
		</vehicle>
		<vehicle>
			<registration>I</registration>
		</vehicle>
		<vehicle>
			<registration>J</registration>
		</vehicle>
		<vehicle>
			<registration>K</registration>
		</vehicle>
		<vehicle>
			<registration>L</registration>
		</vehicle>
		<vehicle>
			<registration>M</registration>
		</vehicle>
		<vehicle>
			<registration>N</registration>
		</vehicle>
		<vehicle>
			<registration>O</registration>
			<row>
				<datetime>20121112 23:45:12</datetime>
				<activity>Timed Update</activity>
				<location>
					<address>Craighall Road, Port Dundas Business Park, G4 9</address>
					<latitude>55.870975000</latitude>
					<longitude>-4.255575000</longitude>
				</location>
				<status>Free-Travel</status>
				<gritted>0</gritted>
				<free-travel>46686</free-travel>
				<salt>0.0000</salt>
			</row>
			<row>
				<datetime>20121112 23:45:43</datetime>
				<activity>Timed Update</activity>
				<location>
					<address>Craighall Road, Port Dundas Business Park, G4 9</address>
					<latitude>55.871058333</latitude>
					<longitude>-4.255013889</longitude>
				</location>
				<status>Free-Travel</status>
				<gritted>0</gritted>
				<free-travel>46723</free-travel>
				<salt>0.0000</salt>
			</row>
			<row>
				<datetime>20121112 23:46:13</datetime>
				<activity>Timed Update</activity>
				<location>
					<address>Craighall Road, Port Dundas Business Park, G4 9</address>
					<latitude>55.871058333</latitude>
					<longitude>-4.255013889</longitude>
				</location>
				<status>Free-Travel</status>
				<gritted>0</gritted>
				<free-travel>46723</free-travel>
				<salt>0.0000</salt>
			</row>
			<row>
				<datetime>20121112 23:46:34</datetime>
				<activity>Heading Update</activity>
				<location>
					<address>Craighall Road, Glasgow, G4 0</address>
					<latitude>55.870744444</latitude>
					<longitude>-4.253441667</longitude>
				</location>
				<status>Free-Travel</status>
				<gritted>0</gritted>
				<free-travel>46799</free-travel>
				<salt>0.0000</salt>
			</row>
			<row>
				<datetime>20121112 23:46:43</datetime>
				<activity>Timed Update</activity>
				<location>
					<address>Craighall Road, Glasgow, G4 0</address>
					<latitude>55.870572222</latitude>
					<longitude>-4.252255556</longitude>
				</location>
				<status>Free-Travel</status>
				<gritted>0</gritted>
				<free-travel>46888</free-travel>
				<salt>0.0000</salt>
			</row>
			<row>
				<datetime>20121112 23:47:13</datetime>
				<activity>Timed Update</activity>
				<location>
					<address>Craighall Road, Glasgow, G4 0</address>
					<latitude>55.870486111</latitude>
					<longitude>-4.251275000</longitude>
				</location>
				<status>Free-Travel</status>
				<gritted>0</gritted>
				<free-travel>46971</free-travel>
				<salt>0.0000</salt>
			</row>
			<row>
				<datetime>20121112 23:47:43</datetime>
				<activity>Timed Update</activity>
				<location>
					<address>Craighall Road, Glasgow, G4 0</address>
					<latitude>55.870486111</latitude>
					<longitude>-4.251275000</longitude>
				</location>
				<status>Free-Travel</status>
				<gritted>0</gritted>
				<free-travel>46971</free-travel>
				<salt>0.0000</salt>
			</row>
			<row>
				<datetime>20121112 23:48:13</datetime>
				<activity>Timed Update</activity>
				<location>
					<address>Craighall Road, Glasgow, G4 0</address>
					<latitude>55.870486111</latitude>
					<longitude>-4.251275000</longitude>
				</location>
				<status>Free-Travel</status>
				<gritted>0</gritted>
				<free-travel>46971</free-travel>
				<salt>0.0000</salt>
			</row>
			<row>
				<datetime>20121112 23:48:43</datetime>
				<activity>Timed Update</activity>
				<location>
					<address>254 Dobbies Loan, Glasgow, G4 0</address>
					<latitude>55.868600000</latitude>
					<longitude>-4.250141667</longitude>
				</location>
				<status>Free-Travel</status>
				<gritted>0</gritted>
				<free-travel>47206</free-travel>
				<salt>0.0000</salt>
			</row>
			<row>
				<datetime>20121112 23:49:13</datetime>
				<activity>Timed Update</activity>
				<location>
					<address>cale uni union accommodation</address>
					<latitude>55.867225000</latitude>
					<longitude>-4.247963889</longitude>
				</location>
				<status>Free-Travel</status>
				<gritted>0</gritted>
				<free-travel>47412</free-travel>
				<salt>0.0000</salt>
			</row>
			<row>
				<datetime>20121112 23:49:43</datetime>
				<activity>Timed Update</activity>
				<location>
					<address>North Hanover Street, Glasgow, G4 0</address>
					<latitude>55.866700000</latitude>
					<longitude>-4.247966667</longitude>
				</location>
				<status>Free-Travel</status>
				<gritted>0</gritted>
				<free-travel>47449</free-travel>
				<salt>0.0000</salt>
			</row>
			<row>
				<datetime>20121112 23:50:14</datetime>
				<activity>Timed Update</activity>
				<location>
					<address>North Hanover Street, Glasgow, G4 0</address>
					<latitude>55.865919444</latitude>
					<longitude>-4.248300000</longitude>
				</location>
				<status>Free-Travel</status>
				<gritted>0</gritted>
				<free-travel>47546</free-travel>
				<salt>0.0000</salt>
			</row>
			<row>
				<datetime>20121112 23:50:26</datetime>
				<activity>Heading Update</activity>
				<location>
					<address>North Hanover Street, Glasgow, G1 2</address>
					<latitude>55.865536111</latitude>
					<longitude>-4.248505556</longitude>
				</location>
				<status>Free-Travel</status>
				<gritted>0</gritted>
				<free-travel>47581</free-travel>
				<salt>0.0000</salt>
			</row>
			<row>
				<datetime>20121112 23:50:28</datetime>
				<activity>Heading Update</activity>
				<location>
					<address>North Hanover Street, Glasgow, G1 2</address>
					<latitude>55.865538889</latitude>
					<longitude>-4.248608333</longitude>
				</location>
				<status>Free-Travel</status>
				<gritted>0</gritted>
				<free-travel>47581</free-travel>
				<salt>0.0000</salt>
			</row>
			<row>
				<datetime>20121112 23:50:31</datetime>
				<activity>Heading Update</activity>
				<location>
					<address>Cowcaddens Road, Glasgow, G4 0</address>
					<latitude>55.865613889</latitude>
					<longitude>-4.248655556</longitude>
				</location>
				<status>Free-Travel</status>
				<gritted>0</gritted>
				<free-travel>47581</free-travel>
				<salt>0.0000</salt>
			</row>
			<row>
				<datetime>20121112 23:50:44</datetime>
				<activity>Timed Update</activity>
				<location>
					<address>North Hanover Street, Glasgow, G4 0</address>
					<latitude>55.866005556</latitude>
					<longitude>-4.248308333</longitude>
				</location>
				<status>Free-Travel</status>
				<gritted>0</gritted>
				<free-travel>47581</free-travel>
				<salt>0.0000</salt>
			</row>
			<row>
				<datetime>20121112 23:51:14</datetime>
				<activity>Timed Update</activity>
				<location>
					<address>North Hanover Street, Glasgow, G4 0</address>
					<latitude>55.867022222</latitude>
					<longitude>-4.248000000</longitude>
				</location>
				<status>Free-Travel</status>
				<gritted>0</gritted>
				<free-travel>47725</free-travel>
				<salt>0.0000</salt>
			</row>
			<row>
				<datetime>20121112 23:51:44</datetime>
				<activity>Timed Update</activity>
				<location>
					<address>North Hanover Street, Glasgow, G4 0</address>
					<latitude>55.867022222</latitude>
					<longitude>-4.248000000</longitude>
				</location>
				<status>Free-Travel</status>
				<gritted>0</gritted>
				<free-travel>47725</free-travel>
				<salt>0.0000</salt>
			</row>
			<row>
				<datetime>20121112 23:52:14</datetime>
				<activity>Timed Update</activity>
				<location>
					<address>254 Dobbies Loan, Glasgow, G4 0</address>
					<latitude>55.867877778</latitude>
					<longitude>-4.249005556</longitude>
				</location>
				<status>Free-Travel</status>
				<gritted>0</gritted>
				<free-travel>47805</free-travel>
				<salt>0.0000</salt>
			</row>
			<row>
				<datetime>20121112 23:52:44</datetime>
				<activity>Timed Update</activity>
				<location>
					<address>Dobbies Loan, Glasgow, G4 0</address>
					<latitude>55.869483333</latitude>
					<longitude>-4.251447222</longitude>
				</location>
				<status>Free-Travel</status>
				<gritted>0</gritted>
				<free-travel>48064</free-travel>
				<salt>0.0000</salt>
			</row>
			<row>
				<datetime>20121112 23:53:14</datetime>
				<activity>Timed Update</activity>
				<location>
					<address>A804, Glasgow, G4 0</address>
					<latitude>55.869983333</latitude>
					<longitude>-4.255450000</longitude>
				</location>
				<status>Free-Travel</status>
				<gritted>0</gritted>
				<free-travel>48329</free-travel>
				<salt>0.0000</salt>
			</row>
			<row>
				<datetime>20121112 23:53:44</datetime>
				<activity>Timed Update</activity>
				<location>
					<address>A804, Glasgow, G4 0</address>
					<latitude>55.869755556</latitude>
					<longitude>-4.259622222</longitude>
				</location>
				<status>Free-Travel</status>
				<gritted>0</gritted>
				<free-travel>48604</free-travel>
				<salt>0.0000</salt>
			</row>
			<row>
				<datetime>20121112 23:53:57</datetime>
				<activity>Heading Update</activity>
				<location>
					<address>Garscube Road, Glasgow, G4 9</address>
					<latitude>55.869977778</latitude>
					<longitude>-4.260775000</longitude>
				</location>
				<status>Free-Travel</status>
				<gritted>0</gritted>
				<free-travel>48682</free-travel>
				<salt>0.0000</salt>
			</row>
			<row>
				<datetime>20121112 23:54:14</datetime>
				<activity>Timed Update</activity>
				<location>
					<address>St Mungo Ave - 59</address>
					<latitude>55.871844444</latitude>
					<longitude>-4.260830556</longitude>
				</location>
				<status>Free-Travel</status>
				<gritted>0</gritted>
				<free-travel>48878</free-travel>
				<salt>0.0000</salt>
			</row>
			<row>
				<datetime>20121112 23:54:45</datetime>
				<activity>Timed Update</activity>
				<location>
					<address>Garscube Road, Glasgow, G20 7</address>
					<latitude>55.874966667</latitude>
					<longitude>-4.262702778</longitude>
				</location>
				<status>Free-Travel</status>
				<gritted>0</gritted>
				<free-travel>49239</free-travel>
				<salt>0.0000</salt>
			</row>
			<row>
				<datetime>20121112 23:55:15</datetime>
				<activity>Timed Update</activity>
				<location>
					<address>Garscube Road &amp; Hopehill Road, Glasgow, G20 7</address>
					<latitude>55.877280556</latitude>
					<longitude>-4.265838889</longitude>
				</location>
				<status>Free-Travel</status>
				<gritted>0</gritted>
				<free-travel>49584</free-travel>
				<salt>0.0000</salt>
			</row>
			<row>
				<datetime>20121112 23:55:45</datetime>
				<activity>Timed Update</activity>
				<location>
					<address>735 Garscube Road, Glasgow, G20 7</address>
					<latitude>55.878619444</latitude>
					<longitude>-4.268677778</longitude>
				</location>
				<status>Free-Travel</status>
				<gritted>0</gritted>
				<free-travel>49840</free-travel>
				<salt>0.0000</salt>
			</row>
			<row>
				<datetime>20121112 23:56:15</datetime>
				<activity>Timed Update</activity>
				<location>
					<address>82 Firhill Road, Glasgow, G20 7</address>
					<latitude>55.879705556</latitude>
					<longitude>-4.269347222</longitude>
				</location>
				<status>Free-Travel</status>
				<gritted>0</gritted>
				<free-travel>49954</free-travel>
				<salt>0.0000</salt>
			</row>
			<row>
				<datetime>20121112 23:56:45</datetime>
				<activity>Timed Update</activity>
				<location>
					<address>Firhill Road, Glasgow, G20 7</address>
					<latitude>55.882183333</latitude>
					<longitude>-4.271105556</longitude>
				</location>
				<status>Free-Travel</status>
				<gritted>0</gritted>
				<free-travel>50240</free-travel>
				<salt>0.0000</salt>
			</row>
			<row>
				<datetime>20121112 23:57:01</datetime>
				<activity>Heading Update</activity>
				<location>
					<address>Firhill Road, Glasgow, G20 7</address>
					<latitude>55.882877778</latitude>
					<longitude>-4.271677778</longitude>
				</location>
				<status>Free-Travel</status>
				<gritted>0</gritted>
				<free-travel>50350</free-travel>
				<salt>0.0000</salt>
			</row>
			<row>
				<datetime>20121112 23:57:15</datetime>
				<activity>Timed Update</activity>
				<location>
					<address>35 Murano Street, Glasgow, G20 7</address>
					<latitude>55.882638889</latitude>
					<longitude>-4.272794444</longitude>
				</location>
				<status>Free-Travel</status>
				<gritted>0</gritted>
				<free-travel>50425</free-travel>
				<salt>0.0000</salt>
			</row>
			<row>
				<datetime>20121112 23:57:23</datetime>
				<activity>Heading Update</activity>
				<location>
					<address>41 Murano Street, Glasgow, G20 7</address>
					<latitude>55.882502778</latitude>
					<longitude>-4.273186111</longitude>
				</location>
				<status>Free-Travel</status>
				<gritted>0</gritted>
				<free-travel>50460</free-travel>
				<salt>0.0000</salt>
			</row>
			<row>
				<datetime>20121112 23:57:25</datetime>
				<activity>Heading Update</activity>
				<location>
					<address>41 Murano Street, Glasgow, G20 7</address>
					<latitude>55.882508333</latitude>
					<longitude>-4.273244444</longitude>
				</location>
				<status>Free-Travel</status>
				<gritted>0</gritted>
				<free-travel>50460</free-travel>
				<salt>0.0000</salt>
			</row>
			<row>
				<datetime>20121112 23:57:45</datetime>
				<activity>Timed Update</activity>
				<location>
					<address>41 Murano Street, Glasgow, G20 7</address>
					<latitude>55.882530556</latitude>
					<longitude>-4.273266667</longitude>
				</location>
				<status>Free-Travel</status>
				<gritted>0</gritted>
				<free-travel>50465</free-travel>
				<salt>0.0000</salt>
			</row>
			<row>
				<datetime>20121112 23:57:53</datetime>
				<activity>Heading Update</activity>
				<location>
					<address>39 Murano Street, Glasgow, G20 7</address>
					<latitude>55.882561111</latitude>
					<longitude>-4.273047222</longitude>
				</location>
				<status>Free-Travel</status>
				<gritted>0</gritted>
				<free-travel>50465</free-travel>
				<salt>0.0000</salt>
			</row>
			<row>
				<datetime>20121112 23:58:15</datetime>
				<activity>Timed Update</activity>
				<location>
					<address>Firhill Road, Glasgow, G20 7</address>
					<latitude>55.882922222</latitude>
					<longitude>-4.271619444</longitude>
				</location>
				<status>Free-Travel</status>
				<gritted>0</gritted>
				<free-travel>50575</free-travel>
				<salt>0.0000</salt>
			</row>
			<row>
				<datetime>20121112 23:58:18</datetime>
				<activity>Heading Update</activity>
				<location>
					<address>Firhill Road, Glasgow, G20 7</address>
					<latitude>55.882897222</latitude>
					<longitude>-4.271494444</longitude>
				</location>
				<status>Free-Travel</status>
				<gritted>0</gritted>
				<free-travel>50575</free-travel>
				<salt>0.0000</salt>
			</row>
			<row>
				<datetime>20121112 23:58:34</datetime>
				<activity>Heading Update</activity>
				<location>
					<address>127 Firhill Road, Glasgow, G20 7</address>
					<latitude>55.881975000</latitude>
					<longitude>-4.271105556</longitude>
				</location>
				<status>Free-Travel</status>
				<gritted>0</gritted>
				<free-travel>50687</free-travel>
				<salt>0.0000</salt>
			</row>
			<row>
				<datetime>20121112 23:58:45</datetime>
				<activity>Timed Update</activity>
				<location>
					<address>44 Northpark Street, Glasgow, G20 7</address>
					<latitude>55.881319444</latitude>
					<longitude>-4.272005556</longitude>
				</location>
				<status>Free-Travel</status>
				<gritted>0</gritted>
				<free-travel>50765</free-travel>
				<salt>0.0000</salt>
			</row>
			<row>
				<datetime>20121112 23:59:05</datetime>
				<activity>Heading Update</activity>
				<location>
					<address>519 Maryhill Road, Glasgow, G20 7</address>
					<latitude>55.880422222</latitude>
					<longitude>-4.273186111</longitude>
				</location>
				<status>Free-Travel</status>
				<gritted>0</gritted>
				<free-travel>50878</free-travel>
				<salt>0.0000</salt>
			</row>
			<row>
				<datetime>20121112 23:59:16</datetime>
				<activity>Timed Update</activity>
				<location>
					<address>Garscube Road, Glasgow, G20 7</address>
					<latitude>55.880266667</latitude>
					<longitude>-4.272425000</longitude>
				</location>
				<status>Free-Travel</status>
				<gritted>0</gritted>
				<free-travel>50952</free-travel>
				<salt>0.0000</salt>
			</row>
			<row>
				<datetime>20121112 23:59:46</datetime>
				<activity>Timed Update</activity>
				<location>
					<address>Garscube Road, Glasgow, G20 7</address>
					<latitude>55.880127778</latitude>
					<longitude>-4.271825000</longitude>
				</location>
				<status>Free-Travel</status>
				<gritted>0</gritted>
				<free-travel>50998</free-travel>
				<salt>0.0000</salt>
			</row>
		</vehicle>
		<vehicle>
			<registration>P</registration>
		</vehicle>
		<vehicle>
			<registration>Q</registration>
		</vehicle>
		<vehicle>
			<registration>R</registration>
		</vehicle>
		<vehicle>
			<registration>S</registration>
		</vehicle>
		<vehicle>
			<registration>T</registration>
		</vehicle>
		<vehicle>
			<registration>U</registration>
		</vehicle>
		<vehicle>
			<registration>V</registration>
		</vehicle>
		<vehicle>
			<registration>W</registration>
		</vehicle>
		<vehicle>
			<registration>X</registration>
		</vehicle>
		<vehicle>
			<registration>Y</registration>
		</vehicle>
	</data>
	<collection>
		<state>success</state>
		<period>
			<start>20121112 23:45:00</start>
			<end>20121113 00:00:00</end>
		</period>
	</collection>
</xml>